{
    "parameters": {
        "C_supply": 400,
        "C_wall": 3286207.578500266,
        "C_int": 25006.836341524,
        "C_boundary": 1374574.0221288097,
        "C_air": 3888309.408200821,
        "R_out": 0.007983714981275062,
        "R_in":  0.010591966338064324,
        "R_int": 0.0004338679264954746,
        "R_boundary": 0.0038218769285228347,
        "f_wall": 0.10230384321966372,
        "f_air": 0.08160245081566606,
        "Q_occ_gain": 103.91089065830235,
        "CO2_occ_gain": 8.18e-6,
        "CO2_start": 400,
        "fraRad_sh": 0.35,
        "Q_flow_nominal_sh": 482,
        "T_a_nominal_sh": 55,
        "T_b_nominal_sh": 40,
        "TAir_nominal_sh": 20,
        "n_sh": 1.2803,
        "infiltration": 0.007906388103199357,
        "airVolume": 52.11,
        "T_boundary": 22.575053342680555
    }
}