{
    "parameters": {
        "kp": 2.50773924e-04,
        "Ti": 4.38174242e-01,
        "isReverse": true
    }
}