{
    "parameters": {
        "C_supply": 400,
        "C_wall": 3965304.3069229205,
        "C_int": 25006.836341524,
        "C_boundary": 2662221.5548935737,
        "C_air": 5569592.974332866,
        "R_out": 0.030709187496605048,
        "R_in":  0.0237153070365917,
        "R_int": 0.0004338679264954746,
        "R_boundary": 0.0010423865096128569,
        "f_wall": 0.1274811256086153,
        "f_air": 1.1149457351587948,
        "Q_occ_gain": 49.02507840380393,
        "CO2_occ_gain": 8.18e-6,
        "CO2_start": 400,
        "fraRad_sh": 0.35,
        "Q_flow_nominal_sh": 1032,
        "T_a_nominal_sh": 55,
        "T_b_nominal_sh": 40,
        "TAir_nominal_sh": 20,
        "n_sh": 1.2803,
        "infiltration": 0.004552663458004479,
        "airVolume": 82.89,
        "T_boundary": 22
    }
}