{
    "C_supply_list": [
        400,
        400,
        400,
        400,
        400,
        400,
        400,
        400,
        400,
        400,
        400,
        400
    ],
    "C_supply_list_lb": [
        200.0,
        200.0,
        200.0,
        200.0,
        200.0,
        200.0,
        200.0,
        200.0,
        200.0,
        200.0,
        200.0,
        200.0
    ],
    "C_supply_list_ub": [
        800,
        800,
        800,
        800,
        800,
        800,
        800,
        800,
        800,
        800,
        800,
        800
    ],
    "C_wall_list": [
        27192360,
        5979753.33939453,
        2663581.1107623614,
        4478892.191772681,
        3286207.578500266,
        7729015.399867038,
        5979753.33939453,
        5979753.33939453,
        4058472.98711118,
        4058472.98711118,
        4088473.10746301,
        3965304.3069229205
    ],
    "C_wall_list_lb": [
        13596180.0,
        2989876.669697265,
        1331790.5553811807,
        2239446.0958863404,
        1643103.789250133,
        3864507.699933519,
        2989876.669697265,
        2989876.669697265,
        2029236.49355559,
        2029236.49355559,
        2044236.553731505,
        1982652.1534614603
    ],
    "C_wall_list_ub": [
        54384720,
        11959506.67878906,
        5327162.221524723,
        8957784.383545361,
        6572415.157000532,
        15458030.799734076,
        11959506.67878906,
        11959506.67878906,
        8116945.97422236,
        8116945.97422236,
        8176946.21492602,
        7930608.613845841
    ],
    "C_int_list": [
        25006.836341524,
        25006.836341524,
        25006.836341524,
        25006.836341524,
        25006.836341524,
        25006.836341524,
        25006.836341524,
        25006.836341524,
        25006.836341524,
        25006.836341524,
        25006.836341524,
        25006.836341524
    ],
    "C_int_list_lb": [
        12503.418170762,
        12503.418170762,
        12503.418170762,
        12503.418170762,
        12503.418170762,
        12503.418170762,
        12503.418170762,
        12503.418170762,
        12503.418170762,
        12503.418170762,
        12503.418170762,
        12503.418170762
    ],
    "C_int_list_ub": [
        50013.672683048,
        50013.672683048,
        50013.672683048,
        50013.672683048,
        50013.672683048,
        50013.672683048,
        50013.672683048,
        50013.672683048,
        50013.672683048,
        50013.672683048,
        50013.672683048,
        50013.672683048
    ],
    "C_boundary_list": [
        8220000,
        1560000,
        2473601.954026588,
        1527554.0123256599,
        1374574.0221288097,
        2100740.34383784,
        4660000,
        4660000,
        1930000,
        1930000,
        2194500,
        2662221.5548935737
    ],
    "C_boundary_list_lb": [
        4110000.0,
        780000.0,
        1236800.977013294,
        763777.0061628299,
        687287.0110644049,
        1050370.17191892,
        2330000.0,
        2330000.0,
        965000.0,
        965000.0,
        1097250.0,
        1331110.7774467869
    ],
    "C_boundary_list_ub": [
        16440000,
        3120000,
        4947203.908053176,
        3055108.0246513197,
        2749148.0442576194,
        4201480.68767568,
        9320000,
        9320000,
        3860000,
        3860000,
        4389000,
        5324443.1097871475
    ],
    "C_air_list": [
        18730910,
        978120,
        4103262.5036396785,
        9161144.736618588,
        3888309.408200821,
        4978924.205654966,
        7043640,
        7043640,
        5490220,
        5620220,
        5645000,
        5569592.974332866
    ],
    "C_air_list_lb": [
        9365455.0,
        489060.0,
        2051631.2518198392,
        4580572.368309294,
        1944154.7041004105,
        2489462.102827483,
        3521820.0,
        3521820.0,
        2745110.0,
        2810110.0,
        2822500.0,
        2784796.487166433
    ],
    "C_air_list_ub": [
        37461820,
        1956240,
        8206525.007279357,
        18322289.473237175,
        7776618.816401642,
        9957848.411309931,
        14087280,
        14087280,
        10980440,
        11240440,
        11290000,
        11139185.948665733
    ],
    "R_out_list": [
        0.02908464,
        0.26047823,
        0.013783432792854081,
        0.010370240391440523,
        0.007983714981275062,
        0.017022257934944836,
        0.04107096,
        0.01007096,
        0.01541828,
        0.01559318,
        0.00959318,
        0.030709187496605048
    ],
    "R_out_list_lb": [
        0.01454232,
        0.130239115,
        0.0068917163964270405,
        0.005185120195720262,
        0.003991857490637531,
        0.008511128967472418,
        0.02053548,
        0.00503548,
        0.00770914,
        0.00779659,
        0.00479659,
        0.015354593748302524
    ],
    "R_out_list_ub": [
        0.05816928,
        0.52095646,
        0.027566865585708162,
        0.020740480782881047,
        0.015967429962550125,
        0.03404451586988967,
        0.08214192,
        0.02014192,
        0.03083656,
        0.03118636,
        0.01918636,
        0.061418374993210095
    ],
    "R_in_list": [
        0.0296808464,
        0.26047823,
        0.010839782956551218,
        0.006316276404062634,
        0.010591966338064324,
        0.015379950465984015,
        0.04107096,
        0.01007096,
        0.01541828,
        0.01559318,
        0.00959318,
        0.0237153070365917
    ],
    "R_in_list_lb": [
        0.0148404232,
        0.130239115,
        0.005419891478275609,
        0.003158138202031317,
        0.005295983169032162,
        0.007689975232992008,
        0.02053548,
        0.00503548,
        0.00770914,
        0.00779659,
        0.00479659,
        0.01185765351829585
    ],
    "R_in_list_ub": [
        0.0593616928,
        0.52095646,
        0.021679565913102435,
        0.012632552808125268,
        0.02118393267612865,
        0.03075990093196803,
        0.08214192,
        0.02014192,
        0.03083656,
        0.03118636,
        0.01918636,
        0.0474306140731834
    ],
    "R_int_list": [
        0.0004338679264954746,
        0.0004338679264954746,
        0.0004338679264954746,
        0.0004338679264954746,
        0.0004338679264954746,
        0.0004338679264954746,
        0.0004338679264954746,
        0.0004338679264954746,
        0.0004338679264954746,
        0.0004338679264954746,
        0.0004338679264954746,
        0.0004338679264954746
    ],
    "R_int_list_lb": [
        0.0002169339632477373,
        0.0002169339632477373,
        0.0002169339632477373,
        0.0002169339632477373,
        0.0002169339632477373,
        0.0002169339632477373,
        0.0002169339632477373,
        0.0002169339632477373,
        0.0002169339632477373,
        0.0002169339632477373,
        0.0002169339632477373,
        0.0002169339632477373
    ],
    "R_int_list_ub": [
        0.0008677358529909492,
        0.0008677358529909492,
        0.0008677358529909492,
        0.0008677358529909492,
        0.0008677358529909492,
        0.0008677358529909492,
        0.0008677358529909492,
        0.0008677358529909492,
        0.0008677358529909492,
        0.0008677358529909492,
        0.0008677358529909492,
        0.0008677358529909492
    ],
    "R_boundary_list": [
        0.002292,
        0.03561254,
        0.01100564131642215,
        0.0010539990347069271,
        0.0038218769285228347,
        0.005740342494395819,
        0.00090785261,
        0.000905261,
        0.00010785261,
        0.0001085261,
        9.085261e-05,
        0.0010423865096128569
    ],