{
    "parameters": {
        "c1": 0.027828,
        "c2": 0.026583,
        "c3": -0.087069,
        "c4": 1.03092,
        "nominalAirFlowRate.hasValue": 3.055555555555556,
        "nominalPowerRate.hasValue": 3.07
    }
}