{
    "parameters": {
        "a": 1,
        "b": 0.09843660058500213,
        "c": -1,
        "nominalAirFlowRate.hasValue": 0.10344444444444445
    }
}