{
    "parameters": {
        "a": 1,
        "b": 0.09966935166253565,
        "c": -1,
        "nominalAirFlowRate.hasValue": 0.10480555555555555
    }
}