{
    "parameters": {
        "C_supply": 400,
        "C_wall": 7729015.399867038,
        "C_int": 25006.836341524,
        "C_boundary": 2100740.34383784,
        "C_air": 4978924.205654966,
        "R_out": 0.017022257934944836,
        "R_in": 0.015379950465984015,
        "R_int": 0.0004338679264954746,
        "R_boundary": 0.005740342494395819,
        "f_wall": 0.07465296422112763,
        "f_air": 0.1147090962234072,
        "Q_occ_gain": 63.92318584980518,
        "CO2_occ_gain": 8.18e-6,
        "CO2_start": 400,
        "fraRad_sh": 0.35,
        "Q_flow_nominal_sh": 482,
        "T_a_nominal_sh": 55,
        "T_b_nominal_sh": 40,
        "TAir_nominal_sh": 20,
        "n_sh": 1.2803,
        "infiltration": 0.3396210638241791,
        "airVolume": 147.15,
        "T_boundary": 22
    }
}