{
    "parameters": {
        "C_supply": 400,
        "C_wall": 2663581.1107623614,
        "C_int": 25006.836341524,
        "C_boundary": 2473601.954026588,
        "C_air": 4103262.5036396785,
        "R_out": 0.013783432792854081,
        "R_in":  0.010839782956551218,
        "R_int": 0.0004338679264954746,
        "R_boundary": 0.01100564131642215,
        "f_wall": 0.5695762006835563,
        "f_air": 0.5991620942441354,
        "Q_occ_gain": 72.72642278238565,
        "CO2_occ_gain": 8.18e-6,
        "CO2_start": 400,
        "fraRad_sh": 0.35,
        "Q_flow_nominal_sh": 1032,
        "T_a_nominal_sh": 55,
        "T_b_nominal_sh": 40,
        "TAir_nominal_sh": 20,
        "n_sh": 1.2803,
        "infiltration": 0.006466700257566811,
        "airVolume": 62.1,
        "T_boundary": 20.354745833512567    }
}