{
    "parameters": {
        "C_supply": 400,
        "C_wall": 4058472.98711118,
        "C_int": 25006.836341524,
        "C_boundary": 1930000,
        "C_air": 5490220,
        "R_out": 0.01541828,
        "R_in":  0.01541828,
        "R_int": 0.0004338679264954746,
        "R_boundary": 0.00010785261,
        "f_wall": 0.1,
        "f_air": 0.1,
        "Q_occ_gain": 3500,
        "CO2_occ_gain": 8.18e-6,
        "CO2_start": 400,
        "fraRad_sh": 0.35,
        "Q_flow_nominal_sh": 482,
        "T_a_nominal_sh": 55,
        "T_b_nominal_sh": 40,
        "TAir_nominal_sh": 20,
        "n_sh": 1.2803,
        "infiltration": 0.087,
        "airVolume": 52.11,
        "T_boundary": 22.3
    }
}