{
    "parameters": {
        "K_p": 0.438174242,
        "K_i": 0.250773924,
        "K_d": 0
    }
}