{
    "parameters": {
        "C_supply": 400,
        "C_wall": 5979753.33939453,
        "C_int": 25006.836341524,
        "C_boundary": 1560000,
        "C_air": 978120,
        "R_out": 0.26047823,
        "R_in":  0.26047823,
        "R_int": 0.0004338679264954746,
        "R_boundary": 0.03561254,
        "f_wall": 0.1,
        "f_air": 0.1,
        "Q_occ_gain": 0,
        "CO2_occ_gain": 8.18e-6,
        "CO2_start": 400,
        "infiltration": 0.005,
        "airVolume": 42.12
    }
}